anio,mes,temp-max,temp-prom,temp-min,precipitaciones,radiacion
1937,11,8,3.3,-1.4,33.8,0
1937,12,0.1,-4.4,-8.8,7.6,33.8
1938,1,-2.6,-7.2,-11.7,13.5,26.9
1938,2,0.8,-3.7,-8.2,63.2,13.2
1938,3,7.4,1.4,-4.6,35.3,6.4
1938,4,13.6,7.6,1.6,21.8,11.4
1938,5,18.8,12.1,5.4,72.4,0
1938,6,24.8,17.3,9.8,42.2,0
1938,7,28.9,21.8,14.6,63.2,0
1938,8,29.7,22.7,15.6,37.1,0
1938,9,20.1,14.2,8.2,102.1,0
1938,10,16.2,9.9,3.6,7.1,0
1938,11,9,3.2,-2.7,30.5,2.5
1938,12,1.1,-2.5,-6.1,13.7,13.7
1939,1,-1.3,-6.7,-12,2.5,45.7
1939,2,-0.5,-5.8,-11.1,30.2,57.9
1939,3,0.7,-3.6,-7.8,26.2,54.4
1939,4,8.2,4.1,-0.1,57.7,32.5
1939,5,21.1,13.9,6.6,26.4,0
1939,6,24.6,18,11.4,51.8,0
1939,7,28.2,20.9,13.5,39.4,0
1939,8,28.7,21.7,14.7,51.6,0
1940,1,-5.2,-9.4,-13.6,26.7,21.6
1940,2,-2.2,-6.2,-10.1,6.9,27.2
1940,3,-1.3,-5.2,-9.1,13.2,35.1
1940,4,8.8,4.1,-0.6,45.5,5.3
1940,5,16.7,11.7,6.6,123.4,0
1940,6,21.9,16.6,11.2,86.1,0
1940,7,26.6,20.5,14.3,70.9,0
1940,8,25.1,19.4,13.6,84.1,0
1940,9,20.3,15.1,9.8,102.4,0
1940,10,12.8,7.4,1.9,45.5,0
1940,11,5.9,2.2,-1.6,53.3,61
1940,12,0.6,-3.6,-7.7,68.1,14.5
1941,1,-3.1,-6.9,-10.6,21.1,50
1941,2,-2.6,-6.2,-9.8,6.4,24.6
1941,3,0.6,-3.8,-8.1,23.6,13.2
1941,4,15.5,9.2,2.9,45,0
1941,5,20.3,13.9,7.5,53.8,0
1941,6,25.4,19.3,13.2,75.7,0
1941,7,27.7,21.5,15.3,68.1,0
1941,8,25.6,19.5,13.4,39.4,0
1941,9,23.2,16.8,10.4,25.1,0
1941,10,14.7,10,5.2,89.2,0
1941,11,8.5,4.7,0.8,52.6,0
1941,12,1.9,-1.5,-4.8,24.9,16.3
1942,1,-1.4,-5.5,-9.6,21.8,15.2
1942,2,-4.3,-7.7,-11,13,28.2
1942,3,4.3,1.4,-1.5,94,23.1
1942,4,14.7,8.9,3.1,29.7,13.7
1942,5,18.2,12.9,7.6,208.5,0
1942,6,23.4,17.8,12.2,32.8,0
1942,7,26.7,20.2,13.7,110,0
1942,8,25.7,19.7,13.6,28.7,0
1942,9,20.9,15.1,9.3,99.8,0
1942,10,14.6,9.5,4.3,56.4,0
1942,11,7.2,2.8,-1.6,58.4,19.6
1942,12,-1.8,-5.6,-9.4,56.4,53.6
1943,1,-4.9,-9.1,-13.3,2.5,68.3
1943,2,-0.5,-5.2,-9.9,32.3,16.5
1943,3,1.8,-3.1,-8,67.1,18.3
1943,4,7.3,2.8,-1.7,50.8,5.8
1943,5,17.2,12.1,6.9,104.4,0
1943,6,26.4,20.1,13.8,45.2,0
1943,7,27.1,21,14.8,86.6,0
1943,8,25.8,19.9,13.9,49.3,0
1943,9,20.6,14.5,8.4,35.1,0
1943,10,13.6,8.3,2.9,73.4,0
1943,11,5.2,1.9,-1.4,29.2,11.4
1943,12,-0.2,-4.8,-9.3,10.7,4.8
1944,1,1.4,-2.7,-6.8,10.4,9.7
1944,2,-1.4,-6,-10.6,5.8,57.4
1944,3,0.3,-3.6,-7.4,53.3,28.2
1944,4,8.9,4.3,-0.4,71.1,11.7
1944,5,21.1,15.2,9.3,137.9,0
1944,6,24.1,18.6,13.1,102.4,0
1944,7,27.4,21,14.5,90.2,0
1944,8,27.9,21.3,14.7,54.9,0
1944,9,21.2,15.8,10.3,64,0
1944,10,14.9,8.9,2.9,17.5,0
1944,11,6.8,3.3,-0.2,30.5,12.2
1944,12,-1.6,-5.7,-9.7,6.1,64.5
1945,1,-7.2,-11.9,-16.6,0.3,39.9
1945,2,-1.3,-6,-10.7,13.2,34.5
1945,3,10.4,5.1,-0.3,110.7,3.3
1945,4,12.9,7.7,2.4,75.7,7.4
1945,5,14.3,9.4,4.5,145,0
1945,6,22.2,16.7,11.1,81.3,0
1945,7,25.6,19.7,13.7,118.1,0
1945,8,25.6,19.9,14.2,49,0
1945,9,21.2,15.9,10.6,128.8,0
1945,10,13.9,8.4,2.8,56.4,0.8
1945,11,7.2,3.3,-0.6,42.2,12.4
1945,12,-2,-6.1,-10.2,28.7,13
1946,1,-0.9,-5.3,-9.7,61.5,36.1
1946,2,-2.3,-6.9,-11.4,33.5,24.4
1946,3,10.8,5.2,-0.5,28.4,0
1946,4,12.2,6,-0.2,14.5,2.5
1946,5,17.8,11.6,5.3,95.5,0
1946,6,23.4,17.1,10.8,43.7,0
1946,7,27.6,20.4,13.2,79.2,0
1946,8,24.1,18.2,12.3,37.8,0
1946,9,22.6,16.3,9.9,73.7,0
1946,10,18.1,11.7,5.3,81,0
1946,11,8.6,4.7,0.7,36.6,7.9
1946,12,1.7,-2.6,-6.9,32.5,17.8
1947,1,-0.1,-4.6,-9,45.7,52.6
1947,2,-3,-7.2,-11.4,0,27.2
1947,3,1.9,-2.2,-6.3,24.4,22.4
1947,4,10,5.1,0.2,56.4,18.5
1947,5,16.4,10.7,4.9,84.8,0
1947,6,23.2,17.4,11.5,117.1,0
1947,7,25.7,20.3,14.8,103.1,0
1947,8,28.4,22.5,16.6,61,0
1947,9,22.4,16.4,10.4,37.6,0
1947,10,20,13.5,6.9,34.3,0
1947,11,5.9,2.1,-1.7,17.5,12.2
1947,12,-0.4,-4.6,-8.7,19.6,24.6
1948,1,-4.7,-9.7,-14.7,2.5,37.6
1948,2,-2.7,-7.8,-12.9,33.5,33.5
1948,3,3.6,-2.1,-7.7,44.5,13.5
1948,4,13.3,7.6,1.9,52.6,0
1948,5,17.4,11.2,4.9,62.7,0
1948,6,24.2,17.9,11.6,80.5,0
1948,7,27.6,21,14.3,51.3,0
1948,8,27.6,20.9,14.2,48.5,0
1948,9,24,17.9,11.7,154.4,0
1948,10,12.7,8.4,4,58.4,0
1948,11,9.6,6.3,2.9,80.3,0.8
1948,12,1.8,-1.7,-5.2,16.5,31.2
1949,1,0.4,-2.9,-6.2,39.4,30
1949,2,0.9,-3.6,-8.1,49.8,26.2
1949,3,2.9,-1.7,-6.2,25.4,37.6
1949,4,12.4,6.7,0.9,30.7,0.5
1949,5,21,13.9,6.7,9.4,0
1949,6,28.8,21.7,14.6,4.1,0
1949,7,28.6,22.6,16.6,61.5,0
1949,8,28.6,22,15.3,133.9,0
1949,9,19.4,14.3,9.1,90.2,0
1949,10,17.5,11.8,6.1,67.8,0
1949,11,5.3,1.5,-2.4,23.4,24.6
1949,12,2.4,-1.5,-5.4,72.4,12.4
1950,1,2.7,-1.8,-6.2,59.9,36.6
1950,2,-2.3,-6.6,-10.9,5.6,66.5
1950,3,0.3,-4.2,-8.7,21.6,41.7
1950,4,8.1,3.4,-1.4,47.2,14.5
1950,5,18.6,12.3,5.9,20.1,0
1950,6,24.4,17.7,10.9,64,0
1950,7,26.1,19.9,13.6,116.3,0
1950,8,25,19.2,13.3,85.1,0
1950,9,19.4,14.2,9,22.1,0
1950,10,16.4,11.1,5.8,78,0
1950,11,6.4,2.2,-2.1,40.4,50
1950,12,0,-3.5,-6.9,21.8,5.8
1951,1,-0.4,-4.3,-8.1,35.6,24.9
1951,2,0.1,-4.4,-8.8,33.8,10.4
1951,3,3.6,0.3,-3.1,78,19.6
1951,4,10.5,6.3,2.1,108.2,0.5
1951,5,20.2,13.7,7.1,36.8,0
1951,6,23.1,17.7,12.2,88.4,0
1951,7,26.9,21,15,90.4,0
1951,8,25.6,19.5,13.3,52.3,0
1951,9,21.8,15.5,9.1,41.7,0
1951,10,15,9.9,4.7,60.5,0
1951,11,3.7,0.2,-3.3,45.5,25.1
1951,12,0.8,-3.5,-7.7,13,86.6
1952,1,-0.3,-4.7,-9.1,23.6,43.7
1952,2,-0.1,-3.7,-7.3,20.1,20.8
1952,3,2.5,-1.1,-4.7,58.9,7.6
1952,4,13.9,8.4,2.9,57.9,0.5
1952,5,17.3,11.5,5.7,72.6,0
1952,6,25.2,19.1,12.9,29,0
1952,7,29.2,22.8,16.3,68.8,0
1952,8,26.1,19.8,13.5,61,0
1952,9,23.8,17.1,10.3,60.2,0
1952,10,12.8,6.9,0.9,16.5,0.8
1952,11,8.7,4.6,0.4,90.7,0
1952,12,2.9,-0.2,-3.3,28.7,11.4
1953,1,0.9,-2.9,-6.6,26.4,16.8
1953,2,1.6,-2.4,-6.4,11.4,24.6
1953,3,5.2,1.2,-2.9,66.8,0.3
1953,4,10.3,5.7,1.1,62,0
1953,5,18.1,13,7.9,136.1,0
1953,6,24.2,18.5,12.7,69.6,0
1953,7,27.2,21.2,15.1,71.9,0
1953,8,26.8,20.6,14.4,102.9,0
1953,9,22,16,9.9,72.9,0
1953,10,16.8,10.5,4.1,19.3,0
1953,11,9.7,5.4,1.1,27.4,14.5
1953,12,3,-0.6,-4.2,25.9,21.6
1954,1,-3.7,-8,-12.3,17,35.3
1954,2,2.4,-1.9,-6.1,27.2,32.8
1954,3,2.6,-1.2,-4.9,56.6,20.3
1954,4,12.2,7,1.8,91.4,0
1954,5,17.3,11.3,5.2,19.3,0
1954,6,24.4,19.3,14.1,116.1,0
1954,7,26.8,20.1,13.4,18.3,0
1954,8,25.1,19.2,13.3,91.2,0
1954,9,20.2,15.5,10.7,80.5,0
1954,10,15.4,11,6.5,213.9,0
1954,11,7.7,4,0.3,32.8,4.6
1954,12,-0.1,-3.4,-6.6,32,25.1
1955,1,-2.6,-5.8,-9,15,22.1
1955,2,-1.2,-5.3,-9.3,24.1,14.5
1955,3,2.9,-1.1,-5.1,27.9,42.7
1955,4,14.7,9.5,4.2,63.2,0
1955,5,20.9,14.6,8.3,59.7,0
1955,6,25.3,19,12.7,24.6,0
1955,7,31,24.2,17.4,34.8,0
1955,8,28.1,23,17.8,104.4,0
1955,9,21.9,15.8,9.7,30.7,0
1955,10,16.1,11,5.9,77,0
1955,11,5.9,2.4,-1.1,48.3,3.8
1955,12,-1.8,-5.5,-9.1,18.5,34.8
1956,1,-2.2,-5.7,-9.2,5.6,37.3
1956,2,-0.5,-4.5,-8.4,18.5,27.9
1956,3,1.4,-2.5,-6.4,32.8,43.9
1956,4,9.1,4.4,-0.4,57.9,11.4
1956,5,15.6,10.1,4.6,114,0
1956,6,23.6,18.2,12.7,38.9,0
1956,7,24.7,19.4,14.1,108,0
1956,8,24.8,19.5,14.2,124.7,0
1956,9,18.7,13.1,7.4,40.1,0
1956,10,16.6,10.5,4.3,22.9,0
1956,11,7.7,3.9,0.1,22.4,5.1
1956,12,2.2,-1.2,-4.5,40.6,25.9
1957,1,-4.2,-8.5,-12.8,19.3,36.6
1957,2,0.5,-4,-8.4,27.4,30.7
1957,3,4.7,0.8,-3.1,20.1,7.9
1957,4,12.7,7.7,2.7,76.2,10.7
1957,5,17.4,11.8,6.2,72.1,0
1957,6,25,19.2,13.4,91.9,0
1957,7,27.3,21.1,14.8,11.4,0
1957,8,25.3,19.2,13,61,0
1957,9,21.6,15.9,10.2,96.8,0
1957,10,14.2,8.9,3.6,44.7,0
1957,11,8.1,4.1,0,41.4,4.6
1957,12,3.3,-0.2,-3.6,58.4,10.4
1958,1,-1.6,-5.1,-8.6,0,25.1
1958,2,-4.1,-7.7,-11.2,11.2,25.7
1958,3,4.8,1.4,-2.1,2.3,22.6
1958,4,14.1,8.1,2.1,28.7,7.1
1958,5,18.6,12,5.3,23.9,0
1958,6,22.7,16.1,9.4,26.7,0
1958,7,26.7,21.2,15.6,58.4,0
1958,8,26.6,20.2,13.8,69.1,0
1958,9,21.4,16.6,11.7,78.5,0
1958,10,14.6,9.7,4.7,31.2,0
1958,11,8.4,4.1,-0.2,50.5,20.6
1958,12,-2.8,-7,-11.2,1.3,24.1
1959,1,-3.1,-7.2,-11.2,39.9,25.7
1959,2,-2.6,-7.6,-12.6,28.2,46
1959,3,2.3,-2,-6.2,30.7,29.2
1959,4,12.4,7.1,1.7,61,0
1959,5,20,14.2,8.3,41.1,0.3
1959,6,25.9,19.9,13.9,22.4,0
1959,7,28.9,22.3,15.7,27.7,0
1959,8,29.3,23.8,18.3,38.6,0
1959,9,24.2,18.7,13.2,69.3,0
1959,10,13.4,9.7,5.9,79.5,0
1959,11,5.8,2.1,-1.6,43.4,12.7
1959,12,1.4,-1.4,-4.2,59.7,20.8
1960,1,-1.9,-5.1,-8.3,33.5,34.5
1960,2,-0.9,-4.4,-7.9,26.7,38.1
1960,3,-1.2,-6,-10.8,7.1,31.8
1960,4,12.4,7.5,2.5,61.7,2.8
1960,5,18.3,13.6,8.8,116.8,0
1960,6,24.1,18.2,12.2,55.6,0
1960,7,26.4,20.3,14.2,103.9,0
1960,8,26.5,20.4,14.2,39.6,0
1960,9,23.4,17.6,11.8,6.4,0
1960,10,15.5,9.9,4.2,57.7,0.3
1960,11,9.6,5.5,1.4,52.8,10.7
1960,12,-1.2,-5.4,-9.5,1,15.7
1961,1,-3.9,-8.1,-12.3,0,15.2
1961,2,1.4,-3,-7.4,41.9,23.4
1961,3,3.8,0.1,-3.6,19.8,32.8
1961,4,8.5,4.6,0.7,69.6,24.4
1961,5,17.6,11.7,5.7,63.5,0.5
1961,6,23.8,18,12.1,82.8,0
1961,7,26.9,21.1,15.3,80.5,0
1961,8,26.4,20.6,14.8,56.1,0
1961,9,25.4,19.3,13.2,42.4,0
1961,10,18.2,12,5.7,14.7,0
1961,11,7.9,3.2,-1.6,48,4.8
1961,12,1.4,-2.5,-6.3,31.2,15.2
1962,1,-2.4,-7.3,-12.1,32,37.1
1962,2,-3,-8.1,-13.2,13,63
1962,3,4.5,-0.4,-5.2,7.9,4.1
1962,4,13.2,6.9,0.5,24.4,10.2
1962,5,23,15.9,8.8,11.7,0
1962,6,25.1,18.7,12.3,65.3,0
1962,7,25.9,19.8,13.6,90.7,0
1962,8,26.8,20.5,14.2,76.2,0
1962,9,19.9,14.5,9.1,131.8,0
1962,10,15.1,10.3,5.5,90.9,7.4
1962,11,6.7,2.4,-2,93,3.8
1962,12,-0.2,-4.5,-8.7,43.7,20.6
1963,1,-4.9,-8.6,-12.2,1.3,26.4
1963,2,-4.1,-9.4,-14.7,1.8,13
1963,3,5.8,0.8,-4.3,34.5,20.1
1963,4,13.3,6.9,0.4,44.7,9.4
1963,5,18.4,12,5.5,72.6,0
1963,6,26.2,19.2,12.2,42.7,0
1963,7,27.9,21.4,14.9,73.7,0
1963,8,24.9,18.9,12.9,57.7,0
1963,9,20.6,14,7.4,48,0
1963,10,20.9,13.6,6.2,9.1,0
1963,11,9.8,6.2,2.6,65,0.5
1963,12,-2.9,-7.5,-12,5.8,55.9
1964,1,0.4,-4,-8.4,44.2,18.3
1964,2,-0.4,-6.1,-11.8,0,32.3
1964,3,3.6,-0.8,-5.1,46,42.9
1964,4,11.2,5.8,0.3,63,8.1
1964,5,20.8,13.8,6.7,41.4,0
1964,6,24.2,16.7,9.2,38.1,0
1964,7,27.3,21.1,14.9,101.6,0
1964,8,22.8,16.8,10.8,147.6,0
1964,9,20.6,14.2,7.8,14,0
1964,10,14.2,7.6,1,45.5,0.8
1964,11,8.4,3.8,-0.9,23.4,12.4
1964,12,0.7,-3.3,-7.2,33.8,25.4
1965,1,-2.3,-6.9,-11.4,35.6,44.2
1965,2,-1.4,-5.9,-10.4,38.4,56.4
1965,3,0.4,-3.5,-7.3,2.5,41.4
1965,4,8.2,3.4,-1.4,65.5,9.7
1965,5,20.3,13.3,6.2,46.5,0
1965,6,23.6,16.5,9.3,40.1,0
1965,7,24,17.3,10.6,63.5,0
1965,8,24.4,18.1,11.7,74.9,0
1965,9,20.4,15.2,9.9,66.5,0
1965,10,12.5,7.3,2.1,103.4,1.3
1965,11,6.7,2.7,-1.4,76.5,4.8
1965,12,2.8,-0.7,-4.1,48.3,10.4
1966,1,-3.4,-8.2,-12.9,2.5,68.8
1966,2,-1.2,-5.3,-9.4,17.3,16
1966,3,4.7,0.7,-3.4,44.7,11.7
1966,4,9.4,4.6,-0.3,29.7,18
1966,5,15.7,9.4,3,44.7,0.5
1966,6,24.3,17.8,11.2,72.6,0
1966,7,28.7,21.3,13.8,15,0
1966,8,25.7,19.4,13.1,70.4,0
1966,9,20.1,14,7.9,55.1,0
1966,10,14.3,8.3,2.3,24.4,0
1966,11,7.8,3.9,-0.1,128,15.7
1966,12,0.5,-3.2,-6.9,71.4,15.2
1967,1,0.8,-3.5,-7.7,12.2,55.1
1967,2,-3.1,-8.7,-14.2,13,41.4
1967,3,2.1,-2.5,-7.1,3.3,23.1
1967,4,11.5,6.1,0.7,85.1,14
1967,5,14.1,8.5,2.9,48.8,0.3
1967,6,25.4,19.3,13.1,150.9,0
1967,7,24.5,18.9,13.3,65,0
1967,8,23.9,17.9,11.9,45.7,0
1967,9,21.2,14.2,7.1,68.1,0
1967,10,13.5,8.8,4,75.2,0
1967,11,4.7,1.3,-2.2,35.8,3.6
1967,12,1.9,-1.9,-5.7,58.9,10.7
1968,1,-4.5,-8.8,-13.1,41.4,50
1968,2,-3,-7.6,-12.2,31,7.9
1968,3,5.3,0.3,-4.7,33.3,38.4
1968,4,14.2,7.6,0.9,30.2,0
1968,5,15.1,9.7,4.2,101.3,0
1968,6,22.3,16.4,10.4,57.9,0
1968,7,26.3,19.5,12.6,58.2,0
1968,8,25,18.7,12.4,163.6,0
1968,9,21.8,16.6,11.3,88.1,0
1968,10,15.4,10.1,4.7,41.1,0
1968,11,6.2,2.6,-1.1,87.1,6.6
1968,12,-0.7,-4.8,-8.9,27.9,39.4
1969,1,-2.2,-6.5,-10.8,37.1,17
1969,2,-0.9,-5.1,-9.3,0.8,13.5
1969,3,2.6,-1.8,-6.1,26.7,6.6
1969,4,12.8,6.8,0.8,89.9,0
1969,5,17.7,11.2,4.7,75.4,0
1969,6,21.8,15.9,9.9,38.9,0
1969,7,26.4,20.1,13.8,107.4,0
1969,8,27.4,20.9,14.3,56.6,0
1969,9,21.9,15.6,9.3,15,0
1969,10,13.8,8.3,2.7,39.4,12.4
1969,11,6.7,3.3,-0.1,64,7.4
1969,12,-2.1,-6.3,-10.4,18.8,50.5
1970,1,-5.9,-10.9,-15.8,1.3,37.6
1970,2,-1.6,-6.6,-11.6,5.1,23.9
1970,3,1.9,-2.3,-6.4,25.1,14.5
1970,4,12.3,6.6,0.9,71.4,7.4
1970,5,18.1,12,5.9,56.6,0
1970,6,23.9,17.1,10.3,38.1,0
1970,7,26.6,20.6,14.6,113.5,0
1970,8,26.1,19.7,13.2,113.3,0
1970,9,20.6,15.4,10.2,61.7,0
1970,10,14.8,10.1,5.4,63.8,0
1970,11,7.6,4.1,0.5,39.4,4.1
1970,12,-1.3,-5.2,-9,23.1,70.9
1971,1,-4.5,-9.2,-13.8,4.8,30.7
1971,2,-1.4,-5.2,-8.9,40.9,31.8
1971,3,0.6,-3.5,-7.5,4.8,32.3
1971,4,10.2,4.6,-1.1,24.6,1.5
1971,5,18.5,11.6,4.6,34.8,0
1971,6,24.2,17.9,11.5,77,0
1971,7,25.5,19,12.4,78.5,0
1971,8,25.6,18.8,12,126,0
1971,9,22.2,16.9,11.5,32.5,0
1971,10,17.9,12.6,7.2,37.6,0
1971,11,6.6,2.6,-1.5,19.3,16.5
1971,12,3.1,-1.3,-5.6,66,31.5
1972,1,-1.3,-6,-10.6,10.9,32.8
1972,2,-2.8,-8,-13.1,6.1,55.1
1972,3,-0.1,-4.3,-8.4,31.2,42.4
1972,4,8.1,2.8,-2.5,42.2,10.2
1972,5,19.8,13,6.2,35.3,0
1972,6,21.4,15.6,9.7,113,0
1972,7,26.2,19.8,13.3,34.5,0
1972,8,24.3,18.5,12.6,74.9,0
1972,9,21.7,15.4,9,84.1,0
1972,10,11.4,6.3,1.1,98.6,0.3
1972,11,4.2,1,-2.2,53.1,17.8
1972,12,0.6,-3.1,-6.8,54.6,46.2
1973,1,-0.2,-4.3,-8.3,19.6,14
1973,2,-2.3,-7.6,-12.9,19.3,19.8
1973,3,7.5,3.2,-1.1,112.3,8.9
1973,4,11.7,6.5,1.3,60.2,2.3
1973,5,16,10.9,5.7,87.9,0
1973,6,24.4,18.4,12.4,67.8,0
1973,7,27.3,20.8,14.2,62.5,0
1973,8,28.1,21.9,15.6,29.2,0
1973,9,22.6,15.7,8.7,53.3,0
1973,10,15.8,10.7,5.5,124.7,0
1973,11,7.4,3.6,-0.2,91.4,1.8
1973,12,-0.7,-4.5,-8.2,37.8,45.5
1974,1,-1.6,-5.9,-10.2,34.3,35.6
1974,2,-3.2,-8,-12.7,23.9,25.7
1974,3,3.3,-1,-5.2,41.1,17.3
1974,4,13,7,1,90.7,1.5
1974,5,15.7,9.9,4,140,0
1974,6,22.3,16.6,10.9,127.3,0
1974,7,26.7,20.3,13.9,58.7,0
1974,8,26.5,19.7,12.8,14.5,0
1974,9,20.4,13.9,7.3,46.5,0
1974,10,13.3,7.1,0.8,24.1,0
1974,11,6.9,3.1,-0.7,72.6,2.3
1974,12,1.6,-1.3,-4.2,16.3,28.4
1975,1,1,-3.4,-7.7,40.9,16
1975,2,-0.5,-3.9,-7.3,47,31.8
1975,3,1.7,-2.5,-6.6,44.5,18.8
1975,4,7.7,2.8,-2.2,42.2,27.2
1975,5,21.6,15.5,9.3,64.3,0
1975,6,23.8,18.1,12.4,62.5,0
1975,7,28.3,21.6,14.9,51.3,0
1975,8,25.9,19.9,13.9,109,0
1975,9,18.4,13.1,7.8,65.3,0
1975,10,14.7,9.4,4.1,54.9,0
1975,11,10.9,6.4,1.9,52.8,2.5
1975,12,-0.1,-4.9,-9.6,27.4,60.7
1976,1,-4.2,-10.1,-16,11.9,47.8
1976,2,1.8,-2.8,-7.3,52.8,6.6
1976,3,5,0.2,-4.7,64.8,27.7
1976,4,13.7,7.7,1.6,47.8,15.2
1976,5,16.3,10.6,4.9,112.3,2.3
1976,6,24.9,18.6,12.3,83.3,0
1976,7,24.3,18.6,12.9,81.8,0
1976,8,24.9,18.6,12.2,64.8,0
1976,9,20.5,14.4,8.3,69.9,0
1976,10,10.9,6.1,1.2,59.4,4.1
1976,11,4.4,0.2,-4.1,7.4,5.3
1976,12,-2.8,-7.5,-12.2,12.7,38.4
1977,1,-7.5,-11.7,-15.9,0,49.3
1977,2,-2.2,-6,-9.8,20.4,7.2
1977,3,7,2.2,-2.7,57,17.2
1977,4,13.5,7.4,1.2,69.6,0.7
1977,5,21.9,14.5,7,28.3,0
1977,6,23,16.7,10.3,104,0
1977,7,26.3,20.5,14.6,118.5,0
1977,8,23.7,18,12.3,103.3,0
1977,9,19.3,15.1,10.9,154.2,0
1977,10,13.1,8,2.9,69.4,0
1977,11,7.4,4,0.6,77.9,6.6
1977,12,-0.8,-4.5,-8.1,50.3,58.7
1978,1,-4.8,-8.6,-12.4,30.4,50.8
1978,2,-5.3,-9.9,-14.5,0,15.5
1978,3,0.4,-3.9,-8.1,31.5,9.3
1978,4,9.3,4,-1.4,61.7,2.2
1978,5,19.1,13.2,7.3,68.2,0
1978,6,23.8,16.7,9.6,25.2,0
1978,7,27.3,20.4,13.5,42.5,0
1978,8,26.3,19.7,13,63.6,0
1978,9,20.3,14.6,8.9,134.3,0
1978,10,13.5,8.2,2.8,56.2,0
1978,11,7.7,3,-1.8,44.4,11.6
1978,12,1,-2.8,-6.5,40.3,21.6
1979,1,-4.1,-7.7,-11.3,32.4,41.1
1979,2,-6.5,-10.8,-15.1,12,27.6
1979,3,6.5,1.6,-3.3,45.6,3
1979,4,10.2,5.3,0.4,62.2,25.8
1979,5,17.2,11.4,5.6,99.2,0
1979,6,23.6,17.2,10.8,71.8,0
1979,7,26.9,20.5,14,68,0
1979,8,24.3,18.6,12.8,74.2,0
1979,9,21.6,14.9,8.2,44.5,0
1979,10,12.6,8.5,4.4,84.2,0
1979,11,7.8,3.7,-0.4,94.7,1
1979,12,2.7,-1.1,-4.9,84.4,24.3
1980,1,-1.3,-5.1,-8.8,30.6,10.9
1980,2,-3.3,-7.8,-12.3,6,13.8
1980,3,2.2,-2,-6.1,54.1,29.4
1980,4,11.2,6.2,1.1,111.6,0.3
1980,5,20.3,13.8,7.3,48.7,0
1980,6,21,15.2,9.3,89.2,0
1980,7,26.3,20.4,14.5,182.3,0
1980,8,26.7,21.3,15.8,37.3,0
1980,9,21,15,9,53.1,0
1980,10,11,7,3,88.7,0
1980,11,5.6,2.1,-1.5,26.5,10.6
1980,12,-1.6,-6.6,-11.5,37.6,29.2
1981,1,-5.6,-10.2,-14.8,0,14.8
1981,2,2.1,-2.1,-6.2,45.4,19.5
1981,3,4.9,0,-4.9,12.4,7.3
1981,4,13.4,7.6,1.7,49.3,0.4
1981,5,18.1,11.8,5.4,58.1,0
1981,6,23.3,17.3,11.3,61.5,0
1981,7,26.8,20.6,14.4,66.6,0
1981,8,24.6,19.4,14.1,128.5,0
1981,9,18.9,14.3,9.7,103.3,0
1981,10,10.8,6.5,2.1,126.1,6.1
1981,11,7.6,3.4,-0.8,56.1,1.7
1981,12,0.4,-2.9,-6.2,9,20.8
1982,1,-5.1,-10.1,-15,20.4,44
1982,2,-3.2,-7.6,-11.9,1.8,27.2
1982,3,2.3,-2,-6.3,41.7,24.6
1982,4,10.6,4.7,-1.3,39.4,4.6
1982,5,20.1,14.3,8.4,45.1,0
1982,6,20.3,15.2,10.1,112.5,0
1982,7,27.4,20.9,14.4,31.1,0
1982,8,23.2,17.3,11.4,120.1,0
1982,9,20.1,14.8,9.5,128.9,0
1982,10,15,9.7,4.3,43.5,0
1982,11,7.6,3.9,0.2,94,1
1982,12,4.7,0.7,-3.3,56.8,30.4
1983,1,-0.3,-4.1,-7.9,21.5,13
1983,2,0.8,-3.1,-6.9,34.7,7.7
1983,3,4.5,0.6,-3.4,59.3,17.4
1983,4,10.1,5.5,0.8,82,2
1983,5,15.5,10.1,4.6,99.5,0
1983,6,25,18.3,11.6,33,0
1983,7,29,22.3,15.6,18.3,0
1983,8,26.9,21.1,15.2,112.2,0
1983,9,23.2,16.7,10.2,54.9,0
1983,10,13.8,8.9,3.9,71.8,0
1983,11,7.2,3.3,-0.6,78.9,11.9
1983,12,-2.8,-6.4,-9.9,46.2,36.3
1984,1,-5,-9.7,-14.3,3.6,33.4
1984,2,2.5,-1.5,-5.5,39.2,24.4
1984,3,-0.1,-4.6,-9.1,35.4,24.5
1984,4,12,7.2,2.3,56.5,1.6
1984,5,15.6,10.3,5,102.8,0
1984,6,24.3,18.2,12,48.1,0
1984,7,25.9,19.8,13.6,63.3,0
1984,8,27.2,21.1,14.9,63.8,0
1984,9,19.4,13.9,8.3,74.7,0
1984,10,15.2,10.3,5.4,26.1,0
1984,11,7.3,2.7,-1.9,69.3,0.6
1984,12,4,-0.2,-4.3,41.2,19.4
1985,1,-4.4,-8.4,-12.4,11.4,56
1985,2,-1.7,-5.8,-9.9,36.5,41
1985,3,5.3,0.3,-4.7,45.6,28.6
1985,4,12.9,7.3,1.6,27.5,5.6
1985,5,19.6,13.1,6.6,75.9,0
1985,6,21.6,15.7,9.7,37.3,0
1985,7,25.5,19.6,13.6,91.5,0
1985,8,25.1,19.4,13.6,152.5,0
1985,9,22.7,17,11.3,57.6,0
1985,10,14.5,9.4,4.3,52.3,0
1985,11,6.1,3.4,0.7,149.6,11
1985,12,-1.5,-4.6,-7.7,13.9,25.2
1986,1,-1.6,-5.6,-9.5,14.9,18.8
1986,2,-2.8,-6.1,-9.4,12.8,20.2
1986,3,5.5,0.6,-4.4,34.6,14.4
1986,4,13.1,7.6,2,51.6,2.2
1986,5,20,14.3,8.5,75.2,0
1986,6,22.6,16.4,10.1,67.4,0
1986,7,26.4,21,15.6,122.3,0
1986,8,24.4,18.4,12.4,146.2,0
1986,9,19.5,14.7,9.9,212.3,0
1986,10,13.9,8.7,3.5,54.8,0
1986,11,5.9,1.6,-2.7,27.8,14.2
1986,12,1.7,-1.2,-4.1,53.7,13.2
1987,1,-1,-4.6,-8.2,0.6,58.4
1987,2,-0.7,-5.8,-10.8,3.8,10
1987,3,7.6,1.8,-4,31.8,14.4
1987,4,14.2,8.8,3.3,43.6,5
1987,5,21.4,14.7,7.9,29.6,0
1987,6,26,19.6,13.1,68.3,0
1987,7,27.9,22.5,17.1,108.1,0
1987,8,25.4,19.6,13.7,52.3,0
1987,9,20.6,15.5,10.3,108,0
1987,10,12.2,7,1.8,47.1,1
1987,11,7.8,3.4,-1,77.8,5.6
1987,12,2.6,-0.3,-3.1,32.6,12.6
1988,1,-0.1,-4.5,-8.9,16.9,4.8
1988,2,-1.8,-6.8,-11.7,12,52
1988,3,3.8,-0.8,-5.3,21.2,2.4
1988,4,10.7,5.9,1.1,55.2,0
1988,5,20.2,13.9,7.6,39.6,0
1988,6,25,17.7,10.4,25,0
1988,7,29.7,22.9,16.1,109.7,0
1988,8,27.4,21.4,15.3,37.2,0
1988,9,21.2,15.5,9.7,70.6,0
1988,10,11.6,7.2,2.7,67.4,0
1988,11,8,4.5,1,58.1,0
1988,12,1.5,-2.8,-7.1,18.6,15.6
1989,1,1.9,-2.2,-6.2,18.8,11.2
1989,2,-2.3,-6.5,-10.6,0.8,22
1989,3,2.6,-2.1,-6.7,14.6,16.8
1989,4,10.3,5.1,-0.2,36.6,6
1989,5,18.5,13,7.4,78.2,0.6
1989,6,23.5,18.4,13.3,94.7,0
1989,7,27.7,21.5,15.2,70.4,0
1989,8,25.4,19.7,13.9,39.6,0
1989,9,21.5,15.7,9.9,44.1,0
1989,10,15.4,9.8,4.2,76,0
1989,11,6.5,1.9,-2.8,78.3,5
1989,12,-5.4,-10.1,-14.7,3.6,30.6
1990,1,2.8,-0.8,-4.3,23.1,12.8
1990,2,1,-3.5,-8,47,26
1990,3,5.1,0.7,-3.8,24.7,4.4
1990,4,13.7,8.3,2.8,50.8,2.6
1990,5,17.3,11.6,5.9,86.6,0
1990,6,24.6,18.7,12.7,69.4,0
1990,7,26.6,20.9,15.1,68.4,0
1990,8,25.7,20.3,14.9,112.6,0
1990,9,20.8,15.3,9.8,42.8,0
1990,10,14.6,9.5,4.3,87.8,0
1990,11,9.3,4.6,-0.2,38.6,1.6
1990,12,3.3,-1,-5.2,81.5,28.8
1991,1,-1.7,-5.7,-9.7,11.3,24.6
1991,2,1.9,-2.4,-6.7,2.9,24
1991,3,6.1,1.6,-2.8,88,9.4
1991,4,13.4,8.7,3.9,114.7,0.4
1991,5,22.3,16.3,10.3,83.6,0
1991,6,26.2,20,13.8,24.4,0
1991,7,27.5,21.7,15.8,91,0
1991,8,26.6,21.1,15.5,91.4,0
1991,9,21,14.9,8.7,52.1,0
1991,10,15.4,10.4,5.3,46.3,0
1991,11,6.4,2.4,-1.5,42.5,18.2
1991,12,2.2,-2.4,-6.9,13.4,34
1992,1,-0.8,-4.2,-7.6,13.6,26.6
1992,2,0,-3.9,-7.8,23.6,10
1992,3,3.5,-1.1,-5.8,16.5,6.6
1992,4,9.9,5.6,1.2,133.4,0.6
1992,5,18.3,12.3,6.3,69.7,0
1992,6,22.6,16.4,10.1,37.2,0
1992,7,22.9,18,13.1,134.5,0
1992,8,23,17.9,12.8,154.4,0
1992,9,20.2,14.7,9.1,98.4,0
1992,10,12.5,7.4,2.3,65.2,0.4
1992,11,5.9,2.8,-0.3,94.4,13.6
1992,12,1.4,-1.6,-4.7,24.3,35
1993,1,-0.1,-4,-7.8,43.1,27.2
1993,2,-3.3,-8.4,-13.4,0,31.8
1993,3,2.6,-2,-6.7,6.6,28
1993,4,11.6,6.6,1.5,83.8,1.6
1993,5,18.4,12.1,5.8,51.6,0
1993,6,22.6,17.1,11.6,133.8,0
1993,7,27.2,21.7,16,87.7,0
1993,8,27,21.1,15.1,39.9,0
1993,9,19.1,13.6,8.1,59.2,0
1993,10,13.3,7.9,2.4,70,0.8
1993,11,6.9,3.1,-0.8,61.4,3.8
1993,12,1.1,-2.7,-6.4,20.4,8.8
1994,1,-7.3,-12.4,-17.4,30.6,37.8
1994,2,-3.6,-8.3,-13,0,24.8
1994,3,3.4,-0.8,-4.9,23.8,29
1994,4,12.9,7.3,1.7,83.4,13.2
1994,5,17.6,11.8,5.9,78.8,0
1994,6,24.9,19.1,13.2,54.4,0
1994,7,27.3,21.5,15.7,83,0
1994,8,24.4,18.7,13,60.1,0
1994,9,21.5,15.9,10.2,51.4,0
1994,10,15.4,10,4.4,27.4,0
1994,11,9.8,5.4,0.9,76.7,9.2
1994,12,3.7,-0.1,-4,23.8,27
1995,1,0.1,-3.1,-6.2,110,24.6
1995,2,-2.7,-7.3,-11.8,8.8,14.6
1995,3,7.2,1.9,-3.4,43.2,8
1995,4,8.8,4.1,-0.6,71.8,5.4
1995,5,19,13.3,7.6,87,0
1995,6,25.5,19.9,14.4,52.1,0
1995,7,27.4,21.9,16.3,55.4,0
1995,8,27,21.8,16.6,135.4,0
1995,9,20.1,14,7.8,27.5,0
1995,10,15.4,11,6.6,131.8,0
1995,11,3.9,1,-2,92.6,27.2
1995,12,-1.8,-5.1,-8.5,5,30.6
1996,1,-2.1,-6.7,-11.2,51.2,25
1996,2,-2.1,-5.8,-9.5,26,10.6
1996,3,1.9,-2.8,-7.5,2.2,34.4
1996,4,8.9,4.4,-0.2,81.6,17.4
1996,5,17.1,11.6,6.1,90.6,0
1996,6,23.1,18.6,14.1,118,0
1996,7,24.8,19.6,14.3,97.4,0
1996,8,26.3,20.7,15.2,48.2,0
1996,9,21.1,16.5,11.9,166.2,0
1996,10,13.6,9.2,4.7,75.8,0
1996,11,4.1,0.9,-2.3,23.4,6.8
1996,12,2.5,-0.4,-3.3,66.2,28.2
1997,1,-1.8,-6.4,-10.9,18.2,48.8
1997,2,1.4,-3.2,-7.7,62,16.4
1997,3,2.7,-1.4,-5.4,29.8,41.6
1997,4,11.2,5.8,0.4,25.2,2.6
1997,5,14.9,9.6,4.2,65.4,0
1997,6,25.5,19.8,14,50.8,0
1997,7,26.8,20.9,15,30,0
1997,8,24.4,19,13.4,71.8,0
1997,9,20.9,15.5,10,48,0
1997,10,14.7,9.5,4.2,32.2,2.8
1997,11,5.9,2.5,-1,35.2,19.2
1997,12,2.2,-0.9,-4,17,12.2
1998,1,1,-2.2,-5.3,72.8,24
1998,2,3.4,-0.3,-4,43.8,1.4
1998,3,6.4,2.1,-2.1,72.4,28
1998,4,14.4,8.6,2.8,57.2,0
1998,5,22.5,17,11.5,71.8,0
1998,6,24.4,18.9,13.4,80.5,0
1998,7,27,21.2,15.4,45.4,0
1998,8,27.6,21.7,15.7,26.8,0
1998,9,24.7,18.2,11.6,38.4,0
1998,10,15.8,10.8,5.7,24,0
1998,11,8.6,4.9,1.1,33.6,0
1998,12,5.1,0.7,-3.6,55.2,8.1
1999,1,-2.3,-6.2,-10.1,33,79.6
1999,2,2.4,-1.6,-5.6,24,3.4
1999,3,4.7,0.2,-4.3,0.6,21.4
1999,4,13.1,8.1,3.1,43.3,3.6
1999,5,21.2,15.5,9.7,39,0
1999,6,25.7,20.4,15,66.2,0
1999,7,30,24.3,18.6,44.4,0
1999,8,24.9,20.3,15.6,59,0
1999,9,23.3,18,12.6,80,0
1999,10,14.1,9.4,4.5,61.8,0
1999,11,9.6,5.8,1.9,77,1.2
1999,12,3.1,-0.7,-4.4,17.4,8.6
2000,1,-1.1,-5.8,-10.5,16.4,17
2000,2,1.1,-3.1,-7.4,15.4,39.1
2000,3,9.4,4.5,-0.4,10.2,7.8
2000,4,11.2,6.7,2.2,72.4,7.6
2000,5,19.3,14.3,9.2,124.4,0
2000,6,23.6,18.2,12.8,169.2,0
2000,7,24.9,20.1,15.2,33.8,0
2000,8,25.8,20.6,15.4,38,0
2000,9,21.1,15.9,10.6,70,0
2000,10,16.2,11.2,6.1,17.6,0
2000,11,7.2,3.6,0,55,0.4
2000,12,-3,-7.2,-11.3,12.8,63.8
2001,1,-0.6,-4.1,-7.5,21,10.8
2001,2,0.6,-3,-6.5,55.6,36
2001,3,3.2,-0.3,-3.8,8.8,26.4
2001,4,13.9,8.3,2.5,35.8,0.6
2001,5,20.2,14.8,9.3,92.2,0
2001,6,24.7,19.7,14.5,61.8,0
2001,7,26.2,21,15.6,34,0
2001,8,28.8,23.2,17.5,34.6,0
2001,9,22.1,16.7,11.3,50.4,0
2001,10,15,10.6,6.1,108.8,0
2001,11,11.3,7.1,2.9,75,0
2001,12,5.1,1.7,-1.7,33,7.8
2002,1,2.7,-0.5,-3.7,14.6,31.4
2002,2,2.9,-1.3,-5.5,29.6,7
2002,3,4.8,0.4,-4,44.1,17.6
2002,4,11.8,7.3,2.7,88.8,12.2
2002,5,16.3,10.9,5.4,80.7,0
2002,6,24.5,19.1,13.7,59.6,0
2002,7,30.1,24.2,18.3,59,0
2002,8,28.4,22.6,16.8,11.6,0
2002,9,25.9,20.2,14.4,59.2,0
2002,10,13.1,8.9,4.6,43,0
2002,11,6.6,3.2,-0.2,42.2,27.2
2002,12,1.7,-2,-5.7,14.2,19.5
2003,1,-4.2,-8.3,-12.3,0,41.4
2003,2,-2.4,-7,-11.5,22.6,23.6
2003,3,4.6,-0.7,-6.1,27.8,23.8
2003,4,10.9,5.7,0.4,21.6,15.2
2003,5,17,12.3,7.5,152.8,0
2003,6,23.6,18.3,13,63.8,0
2003,7,27.1,21.8,16.5,66.2,0
2003,8,27.2,22.1,16.9,53.4,0
2003,9,22,17,11.9,114.2,0
2003,10,13.9,9.1,4.2,49.4,0
2003,11,8.4,4.7,1,135.2,6.4
2003,12,3.2,-0.1,-3.5,45,19.2
2004,1,-5.2,-9.4,-13.5,4.8,63.2
2004,2,0.5,-3.8,-8,5.4,17.2
2004,3,6.1,2.3,-1.6,51.8,14.2
2004,4,11.9,7,2,63.6,0.6
2004,5,18.4,13.2,7.8,98.8,0
2004,6,23,17.6,12.1,62.8,0
2004,7,25.2,20.7,16.1,119.8,0
2004,8,24.4,19.5,14.6,60,0
2004,9,23.8,18.4,12.9,25.2,0
2004,10,15,10.7,6.4,35.2,0
2004,11,9.2,5.4,1.5,62,2.8
2004,12,1.2,-2.8,-6.7,53.9,36.9
2005,1,-2.8,-6.8,-10.9,37.8,33.2
2005,2,0.2,-4,-8.2,43,33.4
2005,3,2.6,-1.6,-5.9,9.6,25.6
2005,4,12.8,7.8,2.7,81.2,16.2
2005,5,17.2,11.9,6.6,14.4,0
2005,6,27.9,22.6,17.3,31.8,0
2005,7,29.9,24.1,18.3,20.4,0
2005,8,27.7,22.5,17.3,135.6,0
2005,9,24.5,19,13.4,79.6,0
2005,10,15,11.1,7.2,47.4,0
2005,11,9.3,5.1,0.8,91.4,12.4
2005,12,-0.7,-3.5,-6.2,20,41.8
2006,1,3.8,0.2,-3.4,66.6,7.8
2006,2,0,-3.6,-7.2,53.8,21.6
2006,3,5.9,1.3,-3.2,47.8,1.4
2006,4,13.8,8.2,2.6,62.4,0
2006,5,19.7,14.4,9.1,82,0
2006,6,24.7,19.8,14.8,45.4,0
2006,7,28.6,23.4,18.2,105.2,0
2006,8,26,21.1,16.2,40.2,0
2006,9,19.9,15.7,11.5,77.6,0
2006,10,13.1,8.7,4.3,120.6,0
2006,11,8.9,5.3,1.6,71.7,0
2006,12,5.1,1.9,-1.5,60.6,1.6
2007,1,0.6,-2.9,-6.3,23.4,15.8
2007,2,-4.6,-8.4,-12.2,0,27.2
2007,3,4.9,0.4,-4.1,18.8,13.3
2007,4,10.5,6.1,1.7,58.4,2.4
2007,5,20.3,14.3,8.3,73.6,0
2007,6,26.9,20.8,14.6,43.2,0
2007,7,27,21.3,15.6,47.4,0
2007,8,28.1,22.4,16.7,20.8,0
2007,9,24.3,18.4,12.4,28.6,0
2007,10,19,14.2,9.4,41.2,0
2007,11,6.6,2.6,-1.5,73.6,11
2007,12,0.6,-2.3,-5.3,49.2,44.4
2008,1,1.3,-2.1,-5.5,35.6,22.8
2008,2,-1.2,-5.3,-9.3,30.6,76.8
2008,3,2,-1.7,-5.4,23.2,38
2008,4,15.2,9.5,3.8,53.6,1
2008,5,17.2,11.8,6.5,68.8,0
2008,6,24.5,19.6,14.7,110.4,0
2008,7,26.6,21.5,16.4,193.2,0
2008,8,24.6,19.7,14.7,92.6,0
2008,9,21.8,16.9,12,83.4,0
2008,10,14,9,4,39.6,0
2008,11,6.7,2.9,-0.8,69.9,13.1
2008,12,1.1,-3.1,-7.3,40,64.8
2009,1,-4.5,-8.8,-13,1,46
2009,2,0.9,-3.7,-8.2,48,24.4
2009,3,5.8,0.8,-4.2,68,0.6
2009,4,13,7.8,2.6,129.6,3.8
2009,5,18.9,13.1,7.2,60.8,0
2009,6,22.3,17.5,12.7,70.2,0
2009,7,24.2,19.2,14.2,84.8,0
2009,8,25.5,20.6,15.7,144,0
2009,9,21.9,16.9,11.8,40.2,0
2009,10,12.7,8.7,4.7,71,0
2009,11,10.3,6,1.6,32.2,0
2009,12,0.9,-2.4,-5.6,61,14.2
2010,1,-1.9,-5.2,-8.5,17,10.8
2010,2,0,-3.4,-6.7,0,27.4
2010,3,9.2,4.4,-0.5,62.6,0
2010,4,16.2,10.5,4.7,36.2,0
2010,5,21.5,16,10.5,51,0
2010,6,23.8,19.2,14.6,191.6,0
2010,7,28.5,23.3,18,89.6,0
2010,8,27.4,22.4,17.4,58.6,0
2010,9,21.2,16.4,11.6,88.2,0
2010,10,14.9,10.2,5.5,56.8,0.4
2010,11,9,4.5,0,66.2,0
2010,12,-0.8,-3.8,-6.7,30.2,7
2011,1,-3.2,-7,-10.8,11.4,43.8
2011,2,-0.9,-5.4,-9.8,13.9,45
2011,3,3.7,-0.5,-4.7,62.8,29.4
2011,4,11.8,6.9,2,93.4,3.2
2011,5,18.5,14.1,9.7,142,0
2011,6,24.2,19.1,14,59,0
2011,7,30.1,24.4,18.6,32.4,0
2011,8,27.2,21.9,16.6,72.2,0
2011,11,10.8,6.6,2.4,96.4,1.6
2011,12,4.4,0.8,-2.8,43.6,8.2
2012,1,-5.2,-7,-10.8,12.0,40.8
2012,2,-0.9,-7.4,-9.6,11.6,40
2012,3,1.7,-1.5,-6.7,61.0,21.4
2012,4,10.6,6.9,2,93.4,5.0
2012,5,28.5,14.1,9.7,142,0
2012,6,24.2,19.1,14,59,0.5
2012,7,30.1,24.4,18.6,32.4,0.8
2012,8,27.2,21.9,16.6,72.2,0.1
2012,11,10.8,6.6,2.4,96.4,2.35
2012,12,4.4,0.8,-2.8,43.6,10.0